06-13-14 PM  26-08-23,help
06-13-24 PM  26-08-23,add_task
06-13-34 PM  26-08-23,complete_task
06-13-44 PM  26-08-23,show-task
06-13-49 PM  26-08-23,show_task
06-14-04 PM  26-08-23,complete_task
06-14-09 PM  26-08-23,show_task
06-14-14 PM  26-08-23,complete_task
06-14-18 PM  26-08-23,show_task
06-14-22 PM  26-08-23,help
06-14-28 PM  26-08-23,shutdown
06-39-19 PM  26-08-23,help
06-39-25 PM  26-08-23,system
06-39-34 PM  26-08-23,search
06-39-58 PM  26-08-23,hy
06-40-01 PM  26-08-23,date
06-40-05 PM  26-08-23,time
06-40-15 PM  26-08-23,delete_task
06-40-23 PM  26-08-23,show_task
06-40-30 PM  26-08-23,add_notes
06-40-34 PM  26-08-23,remember
06-40-40 PM  26-08-23,notes
06-40-45 PM  26-08-23,help
06-40-53 PM  26-08-23,lock
06-41-03 PM  26-08-23,open app
06-43-47 PM  26-08-23,shutdown
07-09-31 PM  26-08-23,restart
07-09-55 PM  26-08-23,exit
07-12-34 PM  26-08-23,shutdown
07-12-48 PM  26-08-23,help
07-20-15 PM  26-08-23,open
07-20-32 PM  26-08-23,word
07-20-38 PM  26-08-23,msword
07-20-48 PM  26-08-23,open
07-20-59 PM  26-08-23,open 
07-21-01 PM  26-08-23,chrome
07-21-08 PM  26-08-23,open
07-26-46 PM  26-08-23,open
07-27-07 PM  26-08-23,open
07-27-19 PM  26-08-23,powerpoint
07-27-23 PM  26-08-23,open
07-27-42 PM  26-08-23,open
07-27-52 PM  26-08-23,open
07-28-04 PM  26-08-23,open 
07-28-06 PM  26-08-23,open
07-28-11 PM  26-08-23,cmd
07-28-14 PM  26-08-23,open
07-28-26 PM  26-08-23,open
07-28-40 PM  26-08-23,open
07-28-49 PM  26-08-23,open
07-28-59 PM  26-08-23,open
07-29-09 PM  26-08-23,open
07-29-19 PM  26-08-23,open
07-29-37 PM  26-08-23,
07-29-37 PM  26-08-23,
07-29-37 PM  26-08-23,
07-29-38 PM  26-08-23,
07-29-40 PM  26-08-23,shutdown
07-29-55 PM  26-08-23,shutdown
05-10-25 PM  26-08-24,lock\
05-10-28 PM  26-08-24,lock
